pos,res,Iupred2,variant
1,N,0.0405,Alpha_V510C
2,I,0.0184,Alpha_V510C
3,T,0.0300,Alpha_V510C
4,N,0.0306,Alpha_V510C
5,L,0.0433,Alpha_V510C
6,C,0.0618,Alpha_V510C
7,P,0.0334,Alpha_V510C
8,F,0.0341,Alpha_V510C
9,G,0.0414,Alpha_V510C
10,E,0.0364,Alpha_V510C
11,V,0.0275,Alpha_V510C
12,F,0.0209,Alpha_V510C
13,N,0.0194,Alpha_V510C
14,A,0.0202,Alpha_V510C
15,T,0.0198,Alpha_V510C
16,R,0.0313,Alpha_V510C
17,F,0.0676,Alpha_V510C
18,A,0.0334,Alpha_V510C
19,S,0.0676,Alpha_V510C
20,V,0.0749,Alpha_V510C
21,Y,0.0334,Alpha_V510C
22,A,0.0334,Alpha_V510C
23,W,0.0543,Alpha_V510C
24,N,0.0531,Alpha_V510C
25,R,0.0389,Alpha_V510C
26,K,0.0364,Alpha_V510C
27,R,0.0248,Alpha_V510C
28,I,0.0294,Alpha_V510C
29,S,0.0223,Alpha_V510C
30,N,0.0248,Alpha_V510C
31,C,0.0334,Alpha_V510C
32,V,0.0454,Alpha_V510C
33,A,0.0543,Alpha_V510C
34,D,0.0483,Alpha_V510C
35,Y,0.0433,Alpha_V510C
36,S,0.0433,Alpha_V510C
37,V,0.0227,Alpha_V510C
38,L,0.0214,Alpha_V510C
39,Y,0.0191,Alpha_V510C
40,N,0.0133,Alpha_V510C
41,S,0.0123,Alpha_V510C
42,A,0.0160,Alpha_V510C
43,S,0.0209,Alpha_V510C
44,F,0.0300,Alpha_V510C
45,S,0.0294,Alpha_V510C
46,T,0.0494,Alpha_V510C
47,F,0.0306,Alpha_V510C
48,K,0.0473,Alpha_V510C
49,C,0.0851,Alpha_V510C
50,Y,0.0851,Alpha_V510C
51,G,0.0372,Alpha_V510C
52,V,0.0202,Alpha_V510C
53,S,0.0248,Alpha_V510C
54,P,0.0275,Alpha_V510C
55,T,0.0389,Alpha_V510C
56,K,0.0244,Alpha_V510C
57,L,0.0194,Alpha_V510C
58,N,0.0405,Alpha_V510C
59,D,0.0398,Alpha_V510C
60,L,0.0389,Alpha_V510C
61,C,0.0443,Alpha_V510C
62,F,0.0281,Alpha_V510C
63,T,0.0414,Alpha_V510C
64,N,0.0424,Alpha_V510C
65,V,0.0389,Alpha_V510C
66,Y,0.0424,Alpha_V510C
67,A,0.0300,Alpha_V510C
68,D,0.0518,Alpha_V510C
69,S,0.0518,Alpha_V510C
70,F,0.0300,Alpha_V510C
71,V,0.0398,Alpha_V510C
72,I,0.0967,Alpha_V510C
73,R,0.1731,Alpha_V510C
74,G,0.1791,Alpha_V510C
75,D,0.1731,Alpha_V510C
76,E,0.2224,Alpha_V510C
77,V,0.2988,Alpha_V510C
78,R,0.2503,Alpha_V510C
79,Q,0.2064,Alpha_V510C
80,I,0.2224,Alpha_V510C
81,A,0.2470,Alpha_V510C
82,P,0.3149,Alpha_V510C
83,G,0.3087,Alpha_V510C
84,Q,0.2988,Alpha_V510C
85,T,0.2193,Alpha_V510C
86,G,0.2328,Alpha_V510C
87,K,0.2258,Alpha_V510C
88,I,0.2988,Alpha_V510C
89,A,0.1852,Alpha_V510C
90,D,0.1759,Alpha_V510C
91,Y,0.2470,Alpha_V510C
92,N,0.1671,Alpha_V510C
93,Y,0.1070,Alpha_V510C
94,K,0.0690,Alpha_V510C
95,L,0.0518,Alpha_V510C
96,P,0.0275,Alpha_V510C
97,D,0.0300,Alpha_V510C
98,D,0.0300,Alpha_V510C
99,F,0.0543,Alpha_V510C
100,T,0.0734,Alpha_V510C
101,G,0.0405,Alpha_V510C
102,C,0.0749,Alpha_V510C
103,V,0.0676,Alpha_V510C
104,I,0.1115,Alpha_V510C
105,A,0.0799,Alpha_V510C
106,W,0.1275,Alpha_V510C
107,N,0.1092,Alpha_V510C
108,S,0.1092,Alpha_V510C
109,N,0.0605,Alpha_V510C
110,N,0.1275,Alpha_V510C
111,L,0.0765,Alpha_V510C
112,D,0.0483,Alpha_V510C
113,S,0.0631,Alpha_V510C
114,K,0.0967,Alpha_V510C
115,V,0.0985,Alpha_V510C
116,G,0.0618,Alpha_V510C
117,G,0.1184,Alpha_V510C
118,N,0.1048,Alpha_V510C
119,Y,0.1070,Alpha_V510C
120,N,0.1048,Alpha_V510C
121,Y,0.0605,Alpha_V510C
122,L,0.0967,Alpha_V510C
123,Y,0.1048,Alpha_V510C
124,R,0.0543,Alpha_V510C
125,L,0.0631,Alpha_V510C
126,F,0.0948,Alpha_V510C
127,R,0.1070,Alpha_V510C
128,K,0.0676,Alpha_V510C
129,S,0.0605,Alpha_V510C
130,N,0.1028,Alpha_V510C
131,L,0.1070,Alpha_V510C
132,K,0.1092,Alpha_V510C
133,P,0.1048,Alpha_V510C
134,F,0.1731,Alpha_V510C
135,E,0.1399,Alpha_V510C
136,R,0.2002,Alpha_V510C
137,D,0.3019,Alpha_V510C
138,I,0.2988,Alpha_V510C
139,S,0.3286,Alpha_V510C
140,T,0.2193,Alpha_V510C
141,E,0.2224,Alpha_V510C
142,I,0.2988,Alpha_V510C
143,Y,0.2470,Alpha_V510C
144,Q,0.2399,Alpha_V510C
145,A,0.3494,Alpha_V510C
146,G,0.2224,Alpha_V510C
147,S,0.2258,Alpha_V510C
148,T,0.1184,Alpha_V510C
149,P,0.1184,Alpha_V510C
150,C,0.0646,Alpha_V510C
151,N,0.0734,Alpha_V510C
152,G,0.0398,Alpha_V510C
153,V,0.0704,Alpha_V510C
154,E,0.1137,Alpha_V510C
155,G,0.0646,Alpha_V510C
156,F,0.0799,Alpha_V510C
157,N,0.0414,Alpha_V510C
158,C,0.0463,Alpha_V510C
159,Y,0.0531,Alpha_V510C
160,F,0.0463,Alpha_V510C
161,P,0.0581,Alpha_V510C
162,L,0.0531,Alpha_V510C
163,Q,0.0372,Alpha_V510C
164,S,0.0543,Alpha_V510C
165,Y,0.0294,Alpha_V510C
166,G,0.0320,Alpha_V510C
167,F,0.0734,Alpha_V510C
168,Q,0.0405,Alpha_V510C
169,P,0.0909,Alpha_V510C
170,T,0.0704,Alpha_V510C
171,Y,0.0967,Alpha_V510C
172,G,0.0592,Alpha_V510C
173,V,0.0618,Alpha_V510C
174,G,0.0555,Alpha_V510C
175,Y,0.0287,Alpha_V510C
176,Q,0.0531,Alpha_V510C
177,P,0.0334,Alpha_V510C
178,Y,0.0405,Alpha_V510C
179,R,0.0364,Alpha_V510C
180,C,0.0248,Alpha_V510C
181,V,0.0275,Alpha_V510C
182,V,0.0356,Alpha_V510C
183,L,0.0372,Alpha_V510C
184,S,0.0364,Alpha_V510C
185,F,0.0181,Alpha_V510C
186,E,0.0275,Alpha_V510C
187,L,0.0300,Alpha_V510C
188,L,0.0248,Alpha_V510C
189,H,0.0398,Alpha_V510C
190,A,0.0364,Alpha_V510C
191,P,0.0799,Alpha_V510C
192,A,0.0929,Alpha_V510C
193,T,0.1092,Alpha_V510C
194,V,0.1449,Alpha_V510C
195,C,0.1251,Alpha_V510C
196,G,0.2129,Alpha_V510C
197,P,0.1643,Alpha_V510C
198,K,0.2292,Alpha_V510C
199,K,0.3149,Alpha_V510C
200,S,0.3019,Alpha_V510C
201,T,0.3356,Alpha_V510C